{"cameraMode":{"drawMode":0,"name":"Shaded","section":"Shading Mode"},"sceneLighting":true,"audioPlay":false,"sceneViewState":{"m_AlwaysRefresh":false,"showFog":true,"showSkybox":true,"showFlares":true,"showImageEffects":true,"showParticleSystems":true,"showVisualEffectGraphs":true,"m_FxEnabled":true},"in2DMode":false,"pivot":{"x":1.7248382568359376,"y":-1.255267858505249,"z":7.9747467041015629},"rotation":{"x":-0.13096140325069428,"y":-0.1195555329322815,"z":0.015912743285298349,"w":-0.9840295314788818},"size":5.794997692108154,"orthographic":false}